cpt_slug,post_title,tax_categorias_empreendimentos,tax_tipo_atrativo,tax_rotas_turisticas,resumo_historico,endereco_localizacao,entrada,horario_de_visitacao,guia_necessario,subtitulo_slogan,endereco_completo,telefone_whatsapp,instagram,site_oficial,horario_de_funcionamento,comodidades,destaque_na_home,data_de_inicio,sobre_o_evento,data_de_fim,local_do_evento,valor_do_ingresso,link_de_inscricao_compra,organizador
empreendimentos,"Policia Civil","Infraestrutura",,,"Sede local da Polícia Civil do Paraná em São José dos Pinhais, responsável por investigações e serviços de segurança e inteligência no município.","Rua Norberto de Brito, 1445, Centro, São José dos Pinhais, PR, Brasil, 83005-290",,,,"Segurança Estadual e Investigações.","Rua Norberto de Brito, 1445, Centro, São José dos Pinhais, PR, Brasil, 83005-290",,,,,24h,Segurança Pública,Não,,,,,,
empreendimentos,"Policia Rodoviária Federal","Infraestrutura",,,"Posto da Polícia Rodoviária Federal responsável pela fiscalização, atendimento a acidentes e segurança no trecho do Contorno Leste.","Contorno Leste de Curitiba, BR-116, Rio Pequeno, São José dos Pinhais, PR, Brasil, 83015-162",,,,"Segurança e Fiscalização Rodoviária.","Contorno Leste de Curitiba, BR-116, Rio Pequeno, São José dos Pinhais, PR, Brasil, 83015-162",,,,,24h,Segurança Pública,Não,,,,,,
empreendimentos,"Posto Barão","Infraestrutura",,,"Posto de combustível com infraestrutura para viajantes e moradores locais, oferecendo conveniência e serviços rápidos no bairro São Pedro.","Avenida das Torres, 990, São Pedro, São José dos Pinhais, PR, Brasil, 83040-280",,,,"Atendimento 24 horas para sua conveniência na Avenida das Torres.","Avenida das Torres, 990, São Pedro, São José dos Pinhais, PR, Brasil, 83040-280",,,,,24h,Posto 24h,Não,,,,,,
empreendimentos,"Posto Pereira","Infraestrutura",,,"Posto de abastecimento e serviços automotivos localizado estrategicamente na Rua Marechal Hermes, auxiliando motoristas no bairro Iná.","Rua Marechal Hermes, 2322, Iná, São José dos Pinhais, PR, Brasil, 83065-000",,,,"Posto 24h para sua conveniência e serviços rápidos.","Rua Marechal Hermes, 2322, Iná, São José dos Pinhais, PR, Brasil, 83065-000",4133980974,,,,24h,Posto 24h,Não,,,,,,
empreendimentos,"Posto Tio Zico","Infraestrutura",,,"Tradicional posto de combustíveis localizado no eixo de intenso fluxo rodoviário da BR-376, oferecendo suporte contínuo a viajantes, turistas e transportadores.","Rodovia BR-376, Km 629 (29.155), Contenda, São José dos Pinhais, PR, Brasil, 83015-000",,,,"Posto de combustível 24 horas na BR-376.","Rodovia BR-376, Km 629 (29.155), Contenda, São José dos Pinhais, PR, Brasil, 83015-000",4136341261,,,,24h,Posto 24h,Não,,,,,,
empreendimentos,"Parada Ônibus Interestatal","Infraestrutura",,,"Ponto de parada estratégico para linhas de ônibus interestaduais que circulam pela BR-376, garantindo embarque e desembarque na rodovia.","Avenida Henrique Herwig, 2998 (BR-376), Cruzeiro, São José dos Pinhais, PR, Brasil",,,,"Conexão rodoviária interestadual rápida.","Avenida Henrique Herwig, 2998 (BR-376), Cruzeiro, São José dos Pinhais, PR, Brasil",,,,,,Ponto de Ônibus,Não,,,,,,
empreendimentos,"Terminal Central Ônibus","Infraestrutura",,,"Terminal de integração do transporte coletivo no coração de São José dos Pinhais, servindo de elo vital para as linhas urbanas e rotas comerciais.","Rua Padre Carlos Dworaczek, Centro, São José dos Pinhais, PR, Brasil",,,,"Mobilidade urbana integrada no centro da cidade.","Rua Padre Carlos Dworaczek, Centro, São José dos Pinhais, PR, Brasil",,,,,,Transporte Público,Não,,,,,,
empreendimentos,"Terminal Metropolitano Ônibus Afonso Pena","Infraestrutura",,,"O novo terminal metropolitano é uma estrutura moderna que atende a um fluxo diário de 25 mil pessoas. Além de 26 plataformas para linhas urbanas e metropolitanas, oferece opções de compras e serviços. O local se destaca por sua 'Araucária Solar', uma estrutura que imita a árvore símbolo do estado e fornece tomadas com energia solar para recarregar eletrônicos.","Rua Anneliese Gellert Krigsner, 27, Iná, São José dos Pinhais, PR, Brasil, 83065-470",,,,"Integração metropolitana de última geração.","Rua Anneliese Gellert Krigsner, 27, Iná, São José dos Pinhais, PR, Brasil, 83065-470",,,www.sjp.pr.gov.br/transportes/,"Sanjotur: Seg-Sex: 8h-17h | Viação São José: 8h-17h30","26 plataformas, Lojas internas, Atendimento Sanepar e Sine, Bicicletário, Parque infantil, Academia ao ar livre",Não,,,,,,
empreendimentos,"Taxi São José","Infraestrutura",,,"Serviço consolidado de taxistas da cidade de São José dos Pinhais, oferecendo transporte seguro e contínuo da região central ao aeroporto e hotéis.","São José dos Pinhais, PR, Brasil",,,,"Serviço de táxi e mobilidade confiável.","São José dos Pinhais, PR, Brasil",,,,,,Transporte e Táxi,Não,,,,,,
