cpt_slug,post_title,tax_categorias_empreendimentos,tax_tipo_atrativo,tax_rotas_turisticas,resumo_historico,endereco_localizacao,entrada,horario_de_visitacao,guia_necessario,subtitulo_slogan,endereco_completo,telefone_whatsapp,instagram,site_oficial,horario_de_funcionamento,comodidades,destaque_na_home,data_de_inicio,sobre_o_evento,data_de_fim,local_do_evento,valor_do_ingresso,link_de_inscricao_compra,organizador
atrativos,"APA do Rio Iguaçu","Atrativos Naturais","Flora e Unidades de Conservação",,"A APA margeia o Rio Iguaçu, desde a nascente no marco zero localizado nas divisas de Curitiba, São José dos Pinhais, Pinhais, Piraquara e Quatro Barras, até encontrar os limites do Parque Nacional do Iguaçu, no Município de Capanema. Também chamada de Corredor da Vida, a APA abrange a planície de inundação do Rio Iguaçu, incluindo as matas ciliares, os banhados, as várzeas e as ilhas, bem como as áreas de preservação.","Rua Orleans, S/N, Orleans, São José dos Pinhais, PR, Brasil, 83000-000","Gratuita","Consultar","Não","Beleza Cênica, contemplação.","Rua Orleans, S/N, Orleans, São José dos Pinhais, PR, Brasil, 83000-000",,,,,"Consultar",,"Não",,"A APA margeia o Rio Iguaçu, desde a nascente no marco zero localizado nas divisas de Curitiba... Também chamada de Corredor da Vida.",,"Rua Orleans, S/N, Orleans, São José dos Pinhais, PR, Brasil, 83000-000","Gratuita",,
atrativos,"APA do Rio Pequeno","Atrativos Naturais","Flora e Unidades de Conservação","Caminho do Vinho","Localiza-se na área de manancial da bacia hidrográfica do Rio Pequeno e possui aproximadamente seis mil e duzentos hectares. Foi criada pelo governo do Paraná no mandato de Jaime Lerner, com o objetivo de proteger e conservar a qualidade ambiental e os sistemas naturais ali existentes, especialmente a qualidade e a quantidade da água para fins de abastecimento público. A delimitação da APA está registrada no Mapa Turístico de São José dos Pinhais.","Rua Curralinho, S/N, Colônia Mergulhão, São José dos Pinhais, PR, Brasil, 83000-000","Gratuita","Consultar","Não",,"Rua Curralinho, S/N, Colônia Mergulhão, São José dos Pinhais, PR, Brasil, 83000-000",,,,,"Consultar",,"Não",,"Localiza-se na área de manancial da bacia hidrográfica do Rio Pequeno e possui aproximadamente seis mil e duzentos hectares...",,"Rua Curralinho, S/N, Colônia Mergulhão, São José dos Pinhais, PR, Brasil, 83000-000","Gratuita",,
atrativos,"APA Guaratuba","Atrativos Naturais","Flora e Unidades de Conservação","Caminho da Colônia Murici","Criada em 1992, a APA de Guaratuba possui aproximadamente 200 mil hectares, sendo 11,5% dessa área pertencente à São José dos Pinhais. A área completa abrange os municípios de Guaratuba, Tijucas do Sul, Morretes, Paranaguá e Matinhos. Inclui também as águas interiores, ilhas situadas na baía de Guaratuba, ilhas fluviais e a ilha do Sai-Guaçu. Seu objetivo é proteger a rede hídrica, os remanescentes da Floresta Atlântica e os manguezais, disciplinar o uso turístico, conservar a fauna, flora e os sítios arqueológicos.","Estrada da Colônia Castelhanos, S/N, Colônia Castelhanos, São José dos Pinhais, PR, Brasil, 83000-000","Gratuita","Consultar","Não",,"Estrada da Colônia Castelhanos, S/N, Colônia Castelhanos, São José dos Pinhais, PR, Brasil, 83000-000",,,,,"Consultar",,"Não",,"Criada em 1992, a APA de Guaratuba possui aproximadamente 200 mil hectares, sendo 11,5% dessa área pertencente à São José dos Pinhais...",,"Estrada da Colônia Castelhanos, S/N, Colônia Castelhanos, São José dos Pinhais, PR, Brasil, 83000-000","Gratuita",,
atrativos,"Parque Nacional Guaricana","Atrativos Naturais","Flora e Unidades de Conservação","Rota das Colônias","Possui uma área de aproximadamente 49.300 hectares. O parque foi criado com o objetivo de garantir a preservação de remanescentes das chamadas florestas ombrófila densa e floresta ombrófila mista. O termo ombrófila refere-se à vegetação adaptada a ambientes com alta pluviosidade, geralmente acima de 1.500 mm de chuva por ano. A preservação também inclui flora, fauna, recursos hídricos e geológicos, geomorfologia e paisagens naturais associadas. No parque, podem ser encontradas diversas espécies de árvores, como a imbuia, canelas, mogno, cedro, ervas-mate e o palmito jussara.","Estrada da Colônia Castelhanos, S/N, Colônia Castelhanos, São José dos Pinhais, PR, Brasil, 83000-000","Gratuita","Consultar","Sim","Trilhas, Visita Guiada","Estrada da Colônia Castelhanos, S/N, Colônia Castelhanos, São José dos Pinhais, PR, Brasil, 83000-000",,,,,"Consultar","Trilhas, Visita Guiada","Não",,"Possui uma área de aproximadamente 49.300 hectares. O parque foi criado com o objetivo de garantir a preservação...",,"Estrada da Colônia Castelhanos, S/N, Colônia Castelhanos, São José dos Pinhais, PR, Brasil, 83000-000","Gratuita",,
atrativos,"Cachoeira Arco-íris","Atrativos Naturais","Água","Rota das Colônias","A cachoeira é formada por uma das quedas do Rio Castelhanos que percorre a colônia. Pode ser acessada com a ajuda de moradores locais que atuam como guias. A natureza local é bastante conservada, oferecendo beleza cênica e uma experiência única na Mata Atlântica. Recomenda-se uso de roupas adequadas para trilhas, repelentes e botas para proteção contra cobras e atenção em todas as trilhas. Local isolado, requer o acompanhamento de pessoas que conheçam o local por segurança.","Estrada do Rio Castelhanos, S/N, Colônia Castelhanos, São José dos Pinhais, PR, Brasil, 83000-000","Gratuita","Consultar","Sim","Beleza cênica, contato com natureza, experiência na Mata Atlântica.","Estrada do Rio Castelhanos, S/N, Colônia Castelhanos, São José dos Pinhais, PR, Brasil, 83000-000",,,"www.youtube.com/watch?v=LmDDtyFBTbY","Consultar","Trilhas, Visita Guiada","Não",,"A cachoeira é formada por uma das quedas do Rio Castelhanos que percorre a colônia. Pode ser acessada com a ajuda de moradores...",,"Estrada do Rio Castelhanos, S/N, Colônia Castelhanos, São José dos Pinhais, PR, Brasil, 83000-000","Gratuita","www.youtube.com/watch?v=LmDDtyFBTbY",
atrativos,"Cachoeira dos Ciganos","Atrativos Naturais","Água",,"Localizada em propriedade particular, aberta ao público mediante agendamento. É uma das cachoeiras mais apreciadas e famosas da região. Possui cerca de 60m de altura e está imersa em mata preservada. Suas rochas são bem inclinadas e escorregadias. Possui área reservada para camping e traillers do outro lado da entrada, distante da cachoeira, o que confere segurança em caso de chuva na região. Todas as visitas devem ser previamente agendadas. O local é procurado por pessoas que gostam de camping selvagem, adeptos de trailer e kombi-homes. Oferece caminhadas com guias para turmas de escolas e universidades.","Estrada Velha da Guaricana, S/N, Colônia Santos Andrade, São José dos Pinhais, PR, Brasil, 83000-000","Consultar","Agendamento prévio necessário","Sim","Beleza cênica, natureza exuberante, contato com a Mata Atlântica.","Estrada Velha da Guaricana, S/N, Colônia Santos Andrade, São José dos Pinhais, PR, Brasil, 83000-000","4131800224",,"www.cachoeiradosciganos.com.br","Agendamento prévio necessário","Estacionamento, Área para camping, Trilhas, Visita Guiada","Não",,"Localizada em propriedade particular, aberta ao público mediante agendamento. É uma das cachoeiras mais apreciadas e famosas da região...",,"Estrada Velha da Guaricana, S/N, Colônia Santos Andrade, São José dos Pinhais, PR, Brasil, 83000-000","Consultar","www.cachoeiradosciganos.com.br",
atrativos,"Cachoeira dos Fornos","Atrativos Naturais","Água",,"A cachoeira, localizada dentro da fazenda Catas Altas, está composta de dois saltos, onde no espaço intermediário tem umas pequenas possas bem relaxantes. Uma paisagem de tranquilidade junto à natureza, aproveitando as visitas aos restos históricos dos fornos de carvão vegetal. Desde a casa até a cachoeira tem uma pequena trilha de uns 200m com bastante declive e pontos escorregadios.","Estrada da Fazenda Catas Altas, S/N, Papanduva, São José dos Pinhais, PR, Brasil, 83000-000","Consultar","Consultar permissão do proprietário","Não",,"Estrada da Fazenda Catas Altas, S/N, Papanduva, São José dos Pinhais, PR, Brasil, 83000-000","41999152211",,,"Consultar permissão do proprietário","Estacionamento, Trilhas","Não",,"A cachoeira, localizada dentro da fazenda Catas Altas, está composta de dois saltos, onde no espaço intermediário tem umas pequenas possas...",,"Estrada da Fazenda Catas Altas, S/N, Papanduva, São José dos Pinhais, PR, Brasil, 83000-000","Consultar",,"Fazenda Catas Altas"
atrativos,"Cachoeira Ribeirão do Gemido","Atrativos Naturais","Água",,"Embora seja chamada de cachoeira, esse atrativo na verdade é uma pequena queda d'água localizada próximo à Vinícola Araucária. Oferece uma experiência de tranquilidade junto à natureza para os visitantes que estão hospedados ou participando de passeios na vinícola.","Rua Aparecida Góes de Paula, 1300, Avencal, São José dos Pinhais, PR, Brasil, 83185-000","Gratuita","Consultar","Não",,"Rua Aparecida Góes de Paula, 1300, Avencal, São José dos Pinhais, PR, Brasil, 83185-000",,,,,"Consultar","Estacionamento","Não",,"Embora seja chamada de cachoeira, esse atrativo na verdade é uma pequena queda d'água localizada próximo à Vinícola Araucária...",,"Rua Aparecida Góes de Paula, 1300, Avencal, São José dos Pinhais, PR, Brasil, 83185-000","Gratuita",,"Vinícola Araucária"
atrativos,"Lagoa Azul da Pedreira Malhada","Atrativos Naturais","Água",,"Está localizada onde funcionava uma antiga área de mineração. Durante a atividade minerária, a empresa drenava a água do subsolo para não comprometer suas atividades. Após o encerramento da mineração, a drenagem cessou e, com o passar do tempo, o aquífero retomou o seu nível natural, formando a lagoa azul. A lagoa é o resultado do acúmulo das águas de chuva e do afloramento natural do lençol de água na região onde outrora havia a mineração. O lugar faz parte da rota de muitos ciclistas que apreciam o passeio pela região. A lagoa pode apresentar diferentes colorações dependendo da hora do dia. O local proporciona belas fotografias, particularmente em dias de sol.","Rua Rosalia G Ryndack, S/N, Malhada, São José dos Pinhais, PR, Brasil, 83000-000","Gratuita","Consultar","Não","Beleza cênica; local proporciona estudos de campo sobre atividade minerária, formações rochosas, recuperação de áreas degradadas.","Rua Rosalia G Ryndack, S/N, Malhada, São José dos Pinhais, PR, Brasil, 83000-000",,,,,"Consultar",,"Não",,"Está localizada onde funcionava uma antiga área de mineração. Durante a atividade minerária, a empresa drenava a água...",,"Rua Rosalia G Ryndack, S/N, Malhada, São José dos Pinhais, PR, Brasil, 83000-000","Gratuita",,
atrativos,"Prainha da Barragem Guaricana","Atrativos Naturais","Água",,"Pequena praia formada às margens do Rio Arraial, a 800 m da Barragem Guaricana. O local é isolado, bastante tranquilo e apreciado como local de pescaria. O local não possui nenhuma estrutura como banheiros, restaurante ou local próximo para alimentação. Os interessados em visitar e/ou pescar devem ir preparados para estar em um local natural e trazer o lixo de volta.","Estrada Velha da Guaricana, S/N, Colônia Santos Andrade, São José dos Pinhais, PR, Brasil, 83000-000","Gratuita","Consultar","Não","Lugar tranquilo para pescar.","Estrada Velha da Guaricana, S/N, Colônia Santos Andrade, São José dos Pinhais, PR, Brasil, 83000-000",,,,,"Consultar",,"Não",,"Pequena praia formada às margens do Rio Arraial, a 800 m da Barragem Guaricana. O local é isolado, bastante tranquilo...",,"Estrada Velha da Guaricana, S/N, Colônia Santos Andrade, São José dos Pinhais, PR, Brasil, 83000-000","Gratuita",,
atrativos,"Quedas d'água do Córrego Fundo","Atrativos Naturais","Água","Caminho do Vinho","São cerca de 5 quedas sequenciais, rodeadas por mata fechada e morros em aclive acentuado. Ao longo da trilha podem ser observadas diversas espécies vegetais típicas da Mata Atlântica, incluindo xaxins e bromélias. A cachoeira se encontra na área da empresa Panagro Empreendimentos Florestais e por isso passou a ser conhecida como Quedas ou Cachoeira da Panagro. É um local tradicionalmente apreciado pela beleza das quedas d'água e pela vegetação. O acesso à primeira queda é fácil. Nas demais quedas a dificuldade de acesso é moderada.","Rua Guilherme Moreno, S/N, Campo Largo da Roseira, São José dos Pinhais, PR, Brasil, 83000-000","Gratuita","Consultar","Não","Beleza cênica, natureza exuberante, experiência na Mata Atlântica.","Rua Guilherme Moreno, S/N, Campo Largo da Roseira, São José dos Pinhais, PR, Brasil, 83000-000",,,"https://www.youtube.com/watch?v=_onBQSbm2kY","Consultar","Acessibilidade","Não",,"São cerca de 5 quedas sequenciais, rodeadas por mata fechada e morros em aclive acentuado. Ao longo da trilha podem ser observadas...",,"Rua Guilherme Moreno, S/N, Campo Largo da Roseira, São José dos Pinhais, PR, Brasil, 83000-000","Gratuita","https://www.youtube.com/watch?v=_onBQSbm2kY","Panagro Empreendimentos Florestais"
atrativos,"Salto da Malhada","Atrativos Naturais","Água",,"Também conhecida por Salto do Ribeirão do Meio e ainda Cachoeira do Turco, nome que se refere a um antigo proprietário. Está localizada em área particular e faz parte da transição rochosa para a Serra do Mar. A cachoeira tem cerca de 90 metros de altura e está localizada próxima à Serra da Campininha. Há uma trilha relativamente fácil, que leva até o Morro da Campininha. Recomenda-se estar acompanhado por guias experientes que conheçam bem a região e conversar com moradores locais para solicitar a permissão para entrada no local.","Rua Demétrio João Kotzias, S/N, Colônia Malhada, São José dos Pinhais, PR, Brasil, 83000-000","Gratuita","Consultar","Sim","Beleza cênica, natureza exuberante, experiência na Mata Atlântica.","Rua Demétrio João Kotzias, S/N, Colônia Malhada, São José dos Pinhais, PR, Brasil, 83000-000",,,,,"Consultar","Trilhas","Não",,"Também conhecida por Salto do Ribeirão do Meio e ainda Cachoeira do Turco, nome que se refere a um antigo proprietário...",,"Rua Demétrio João Kotzias, S/N, Colônia Malhada, São José dos Pinhais, PR, Brasil, 83000-000","Gratuita",,
atrativos,"Alto de São José","Atrativos Naturais","Morros","Destinos do Campo","Localizado a 1.331m de altitude, o ponto mais alto do município está situado na Serra da Campininha, que, por sua vez, faz parte da Serra do Mar, uma importante cadeia de montanhas que se estende ao longo do litoral brasileiro, especialmente nos estados do Paraná, São Paulo e Rio de Janeiro. Local ideal para apreciação de beleza cênica e contemplação.","Estrada da Serra da Campininha, S/N, Roça Velha, São José dos Pinhais, PR, Brasil, 83000-000","Gratuita","Consultar","Não","Beleza Cênica, contemplação.","Estrada da Serra da Campininha, S/N, Roça Velha, São José dos Pinhais, PR, Brasil, 83000-000",,,,,"Consultar",,"Não",,"Localizado a 1.331m de altitude, o ponto mais alto do município está situado na Serra da Campininha...",,"Estrada da Serra da Campininha, S/N, Roça Velha, São José dos Pinhais, PR, Brasil, 83000-000","Gratuita",,
atrativos,"Mirante para o Morro Redondo","Atrativos Naturais","Morros",,"Também conhecido como mirante do Morro da Embratel ou mirante do Morro Redondo, por estar localizado onde se encontrava a antiga torre de telecomunicações da Embratel. O mirante possibilita uma vista panorâmica da área rural até o litoral em dias de céu limpo. Faz parte do Complexo da Serra do Mar juntamente com o próprio Morro Redondo, porém, esse encontra-se no município de Tijucas do Sul enquanto o Mirante está em São José dos Pinhais. É um local muito apreciado por praticantes de mountain bike e ecoturismo.","Estrada Velha da Guaricana, S/N, Colônia Santos Andrade, São José dos Pinhais, PR, Brasil, 83000-000","Gratuita","Consultar","Não",,"Estrada Velha da Guaricana, S/N, Colônia Santos Andrade, São José dos Pinhais, PR, Brasil, 83000-000",,,,,"Consultar","Estacionamento, Trilhas","Não",,"Também conhecido como mirante do Morro da Embratel ou mirante do Morro Redondo, por estar localizado onde se encontrava a antiga torre...",,"Estrada Velha da Guaricana, S/N, Colônia Santos Andrade, São José dos Pinhais, PR, Brasil, 83000-000","Gratuita",,
atrativos,"Serra da Campininha","Atrativos Naturais","Morros",,"A Serra da Campininha é uma importante formação geográfica no município tanto do ponto de vista ecológico quanto turístico. Faz parte da formação montanhosa da Serra do Mar, uma cadeia de montanhas que se estende ao longo do litoral do Brasil, especialmente nos estados do Paraná, São Paulo e Rio de Janeiro. O local possui rica biodiversidade, é uma importante área de captação natural de água de chuva e proporciona uma bela vista da região.","Estrada da Serra da Campininha, S/N, Roça Velha, São José dos Pinhais, PR, Brasil, 83000-000","Consultar","Consultar","Não",,"Estrada da Serra da Campininha, S/N, Roça Velha, São José dos Pinhais, PR, Brasil, 83000-000",,,,,"Consultar","Estacionamento","Não",,"A Serra da Campininha é uma importante formação geográfica no município tanto do ponto de vista ecológico quanto turístico...",,"Estrada da Serra da Campininha, S/N, Roça Velha, São José dos Pinhais, PR, Brasil, 83000-000","Consultar",,
atrativos,"Mirante da Barragem Miringuava","Atrativos Naturais","Paisagem",,"O mirante permite o avistamento da área de abrangêcia da Barragem do Rio Miringuava. A barragem é uma obra da empresa de saneamento Sanepar construída com o objetivo de regular o fluxo de água do rio Miringuava, controlar enchentes e armazenar água para abastecimento público. A represa estava em fase de construção durante a realização deste inventário.","Estrada da Barragem, S/N, Malhada, São José dos Pinhais, PR, Brasil, 83000-000","Gratuita","Consultar","Não","Beleza Cênica, contemplação.","Estrada da Barragem, S/N, Malhada, São José dos Pinhais, PR, Brasil, 83000-000",,,,,"Consultar",,"Não",,"O mirante permite o avistamento da área de abrangêcia da Barragem do Rio Miringuava. A barragem é uma obra da empresa de saneamento...",,"Estrada da Barragem, S/N, Malhada, São José dos Pinhais, PR, Brasil, 83000-000","Gratuita",,
atrativos,"Paisagem Agaraú - Campos de Cultivos","Atrativos Naturais","Paisagem",,"O plantio de pastagens para o comércio de gramas com finalidade paisagística é uma das principais atividades econômicas da região, proporcionando um belo cenário que pode ser apreciado ao longo da rua Arcidio Claudino Barbosa. Os campos são margeados por pinheiros adultos. A agricultura, a pecuária e a indústria cerâmica produtora de telhas tijolos também estão presentes na região.","Rua Arcídio Claudino Barbosa, S/N, Agaraú, São José dos Pinhais, PR, Brasil, 83000-000","Gratuita","Consultar","Não","Beleza Cênica, contemplação.","Rua Arcídio Claudino Barbosa, S/N, Agaraú, São José dos Pinhais, PR, Brasil, 83000-000",,,,,"Consultar",,"Não",,"O plantio de pastagens para o comércio de gramas com finalidade paisagística é uma das principais atividades econômicas da região...",,"Rua Arcídio Claudino Barbosa, S/N, Agaraú, São José dos Pinhais, PR, Brasil, 83000-000","Gratuita",,
atrativos,"Paisagem Antinha - Estrada do Ronco","Atrativos Naturais","Paisagem",,"A Estrada do Ronco, na Colônia Antinha, é uma estrada que proporciona uma experiência de imersão rural. A colônia possui a maior parte do seu território ocupada por uma rica vegetação de floresta ambrólia que é formada por espécies vegetais adaptadas a ambientes com alta pluviosidade, geralmente acima de 1.500 mm de chuva por ano. A estrada proporciona relaxamento e contemplação da paisagem. O ponto georeferenciado leva às proximidades de uma lagoa de uma das fazendas da região que forma uma bonita composição paisagística.","Estrada do Ronco, S/N, Antinha, São José dos Pinhais, PR, Brasil, 83000-000","Gratuita","Consultar","Não","Beleza Cênica, contemplação.","Estrada do Ronco, S/N, Antinha, São José dos Pinhais, PR, Brasil, 83000-000",,,,,"Consultar",,"Não",,"A Estrada do Ronco, na Colônia Antinha, é uma estrada que proporciona uma experiência de imersão rural...",,"Estrada do Ronco, S/N, Antinha, São José dos Pinhais, PR, Brasil, 83000-000","Gratuita",,
atrativos,"Paisagem Conteda - Frente Igreja de São Sebastião","Atrativos Naturais","Paisagem",,"Em frente à igreja, em dias de céu limpo, pode-se avistar as belas montanhas da Serra da Campininha entre os pinheiros que margeiam a estrada. É um bom local para fazer uma pausa da viagem, desenhar e fazer fotos.","Rua Cassemiro Levisky, 150, Contenda, São José dos Pinhais, PR, Brasil, 83095-818","Gratuita","Consultar","Não","Beleza Cênica, contemplação.","Rua Cassemiro Levisky, 150, Contenda, São José dos Pinhais, PR, Brasil, 83095-818",,,,,"Consultar",,"Não",,"Em frente à igreja, em dias de céu limpo, pode-se avistar as belas montanhas da Serra da Campininha entre os pinheiros que margeiam a estrada...",,"Rua Cassemiro Levisky, 150, Contenda, São José dos Pinhais, PR, Brasil, 83095-818","Gratuita",,
atrativos,"Paisagem Gamelas - Rua João Maiczak","Atrativos Naturais","Paisagem","Destinos do Campo","Trecho da estrada que passa por propriedades agrícolas e proporciona uma paisagem de beleza cênica tipicamente rural. O ponto georreferenciado leva à proximidade de uma lagoa de uma das fazendas da região, formando uma bonita composição paisagística.","Rua João Maiczak, S/N, Gamelas, São José dos Pinhais, PR, Brasil, 83000-000","Consultar","Consultar","Não","Beleza Cênica, contemplação.","Rua João Maiczak, S/N, Gamelas, São José dos Pinhais, PR, Brasil, 83000-000",,,,,"Consultar",,"Não",,"Trecho da estrada que passa por propriedades agrícolas e proporciona uma paisagem de beleza cênica tipicamente rural...",,"Rua João Maiczak, S/N, Gamelas, São José dos Pinhais, PR, Brasil, 83000-000","Consultar",,
atrativos,"Paisagem Malhada - Campos de Cultivos","Atrativos Naturais","Paisagem","Destinos do Campo","A rua Professor Júlio Carvalho Gomes na área rural possui várias paisagens de cultivos de verduras e hortaliças. O destaque especial é o trecho que fica entre a bifurcação com a rua João Grebogui da Lavra, e a rua Domingos Burakowski. Nesse trecho, o relevo proporciona uma interessante paisagem de cultivos ao longo da estrada, com destaque para os plantios de repolhos. A experiência é tanto visual quanto olfativa.","Rua Professor Júlio Carvalho Gomes, S/N, Malhada, São José dos Pinhais, PR, Brasil, 83000-000","Gratuita","Consultar","Não","Beleza cênica, experiência olfativa.","Rua Professor Júlio Carvalho Gomes, S/N, Malhada, São José dos Pinhais, PR, Brasil, 83000-000",,,,,"Consultar",,"Não",,"A rua Professor Júlio Carvalho Gomes na área rural possui várias paisagens de cultivos de verduras e hortaliças...",,"Rua Professor Júlio Carvalho Gomes, S/N, Malhada, São José dos Pinhais, PR, Brasil, 83000-000","Gratuita",,
atrativos,"Colônia Accioli","Atrativos Histórico-Culturais","Colônias","Caminho do Vinho","A colonização da região foi majoritariamente realizada por poloneses e italianos, com uma presença menor de suecos. Foi fundada em terras localizadas na Borda do Campo e na Roseira de São Sebastião, nas proximidades da atual fábrica da Renault. A Colônia Acioli foi nomeada em homenagem ao Tenente-Coronel Francisco de Barros Acioli de Vasconcelos. Criada por iniciativa particular de Idelfonso Pereira Correia, ocupava uma área de 1.260 hectares, dividida em 101 lotes. As casas dos colonos eram simples, feitas de madeira, com cozinhas de chão batido, seguindo a arquitetura tradicional polonesa e italiana. A Colônia se destaca por sua gastronomia e belas paisagens. O cotidiano dos colonos pode ser melhor compreendido através do pequeno museu dos vinhos coloniais dom Roberto.","Estrada Principal, S/N, Colônia Accioli, São José dos Pinhais, PR, Brasil, 83000-000","Consultar","Consultar","Não",,"Estrada Principal, S/N, Colônia Accioli, São José dos Pinhais, PR, Brasil, 83000-000",,,,,"Consultar","Estacionamento","Não",,"A colonização da região foi majoritariamente realizada por poloneses e italianos, com uma presença menor de suecos...",,"Estrada Principal, S/N, Colônia Accioli, São José dos Pinhais, PR, Brasil, 83000-000","Consultar",,
atrativos,"Colônia Castelhanos","Atrativos Histórico-Culturais","Colônias",,"A colonização da área foi marcada pela chegada de ucranianos, poloneses e refugiados de guerra, como húngaros e alemães. A Colônia está localizada na Serra do Mar, entre São José dos Pinhais e Guaratuba. Após um período de abandono das terras entre 1890 e 1950, o desenvolvimento foi impulsionado pela construção da Usina Chaminé em 1931, o primeiro grande projeto hidrelétrico do Paraná. Hoje, a colônia é composta por cerca de 400 habitantes organizados em cooperativas. A região, situada na Mata Atlântica, oferece uma imersão na natureza, com cachoeiras e rios, sendo um destino emergente de turismo rural.","Estrada Principal, S/N, Colônia Castelhanos, São José dos Pinhais, PR, Brasil, 83000-000","Gratuita","Consultar","Sim",,"Estrada Principal, S/N, Colônia Castelhanos, São José dos Pinhais, PR, Brasil, 83000-000",,,,,"Consultar",,"Não",,"A colonização da área foi marcada pela chegada de ucranianos, poloneses e refugiados de guerra, como húngaros e alemães...",,"Estrada Principal, S/N, Colônia Castelhanos, São José dos Pinhais, PR, Brasil, 83000-000","Gratuita",,
atrativos,"Colônias Faxina e Campestre da Faxina","Atrativos Histórico-Culturais","Colônias","Rota das Colônias","Colônias de formação espontânea. Entre os séculos XVIII e XIX, colonizadores portugueses, povos indígenas e seus descendentes ocupavam a região. No final do século XIX e início do século XX, iniciou-se uma ocupação espontânea por colonos provenientes de áreas de difícil permanência. Ao longo do tempo, esses imigrantes foram adquirindo terras dos proprietários. O nome Faxina muito possivelmente deriva da constituição de faxinal, um conjunto de normas e práticas comunitárias que regulavam o uso comum das terras pelas diferentes famílias para a criação de animais soltos.","Estrada Principal, S/N, Colônia Faxina, São José dos Pinhais, PR, Brasil, 83000-000","Consultar","Consultar","Não","É uma região rural tranquila, proporciona experiências de agroturismo, gastronomia e contemplação de paisagens.","Estrada Principal, S/N, Colônia Faxina, São José dos Pinhais, PR, Brasil, 83000-000",,,,,"Consultar",,"Não",,"Colônias de formação espontânea. Entre os séculos XVIII e XIX, colonizadores portugueses, povos indígenas e seus descendentes ocupavam a região...",,"Estrada Principal, S/N, Colônia Faxina, São José dos Pinhais, PR, Brasil, 83000-000","Consultar",,
atrativos,"Colônia Malhada","Atrativos Histórico-Culturais","Colônias",,"A região da Malhada se estende entre o Campo Largo da Roseira e o saltinho da malhada. Tem como principal atividade a criação de cavalos de raça, avicultura, extração de saibros e britas, olarias e significante produção de hortigranjeiros. O distrito foi criado em 1951, porém em 1780 a região já era grande produtora de erva-mate. Até a chegada dos primeiros colonos, a região era ocupada por descendentes de portugueses. Os imigrantes e seus descendentes foram adquirindo pequenas propriedades e se dedicaram à agricultura. A primeira igreja foi construída por meio de um mutirão formado pelos imigrantes.","Estrada Principal, S/N, Colônia Malhada, São José dos Pinhais, PR, Brasil, 83000-000","Consultar","Consultar","Não",,"Estrada Principal, S/N, Colônia Malhada, São José dos Pinhais, PR, Brasil, 83000-000",,,,,"Consultar",,"Não",,"A região da Malhada se estende entre o Campo Largo da Roseira e o saltinho da malhada. Tem como principal atividade a criação de cavalos...",,"Estrada Principal, S/N, Colônia Malhada, São José dos Pinhais, PR, Brasil, 83000-000","Consultar",,
atrativos,"Colônia Marcelino","Atrativos Histórico-Culturais","Colônias",,"A colônia foi nomeada em homenagem ao Coronel Marcelino José Nogueira, antigo proprietário das terras, que facilitou a venda para imigrantes ucranianos e poloneses. A colônia se formou de maneira espontânea, com imigrantes buscando novas terras após se estabelecerem em outras colônias vizinhas no final do século XIX. Atualmente, a colônia é a maior produtora de camomila do Paraná, e os campos floridos enfeitam a paisagem rural. Outro aspecto marcante da colônia é a expressão de sua religiosidade, refletida na arquitetura, como a imponente Igreja Ucraniana da Santíssima Trindade.","Rua Vereador Domingos Benvenuto Moletta, S/N, Colônia Marcelino, São José dos Pinhais, PR, Brasil, 83800-000","Gratuita","Consultar","Não","A religiosidade é uma forte marca local, e as principais festas são de cunho religioso...","Rua Vereador Domingos Benvenuto Moletta, S/N, Colônia Marcelino, São José dos Pinhais, PR, Brasil, 83800-000",,,,,"Consultar",,"Não",,"A colônia foi nomeada em homenagem ao Coronel Marcelino José Nogueira, antigo proprietário das terras, que facilitou a venda para imigrantes...",,"Rua Vereador Domingos Benvenuto Moletta, S/N, Colônia Marcelino, São José dos Pinhais, PR, Brasil, 83800-000","Gratuita",,
atrativos,"Colônia Mergulhão","Atrativos Histórico-Culturais","Colônias","Caminho do Vinho","A Colônia Mergulhão recebeu seu nome em referência ao pássaro aquático Mergulhão Caçador. A principal colonização foi de italianos e poloneses. A economia era baseada na produção agrícola diversificada. O potencial turístico da região foi identificado em 1998, e em 1999 surgiu a rota turística Caminho do Vinho, que hoje abrange cerca de 30 propriedades rurais que oferecem vinhos, produtos coloniais, restaurantes e cafés. A produção de vinho começou com parreirais trazidos da Itália. A colônia preserva suas tradições culturais por meio de iniciativas como o grupo folclórico Cuori d'Italia.","Rua Júlio César Setenareski, S/N, Colônia Mergulhão, São José dos Pinhais, PR, Brasil, 83000-000","Consultar","Consultar","Não","A colônia preserva suas tradições culturais por meio de iniciativas como o grupo folclórico Cuori d'Italia, o coral Belvedere...","Rua Júlio César Setenareski, S/N, Colônia Mergulhão, São José dos Pinhais, PR, Brasil, 83000-000",,,,,"Consultar",,"Não",,"A Colônia Mergulhão recebeu seu nome em referência ao pássaro aquático Mergulhão Caçador. A principal colonização foi de italianos e poloneses...",,"Rua Júlio César Setenareski, S/N, Colônia Mergulhão, São José dos Pinhais, PR, Brasil, 83000-000","Consultar",,
atrativos,"Colônia Murici","Atrativos Histórico-Culturais","Colônias","Rota das Colônias","Criada em 1878, a Colônia Murici é a mais expressiva comunidade de origem polonesa no Brasil. Foi fundada em homenagem ao médico José Cândido da Silva Muricy. A colonização da região foi predominantemente realizada por imigrantes poloneses procedentes da Galícia e da Prússia Oriental. Os colonos adaptaram técnicas arquitetônicas típicas da Polônia, como o Dom Węgłowy. A economia da colônia era baseada na produção de erva-mate, trigo e hortaliças. Atualmente oferece um circuito de turismo rural com atrações como igrejas, cafés coloniais e belas paisagens. O cotidiano dos colonos pode ser melhor compreendido através do pequeno museu na casa Groschoki-Kawarnia.","Rua Doutor Murici, S/N, Colônia Murici, São José dos Pinhais, PR, Brasil, 83000-000","Consultar","Consultar","Não",,"Rua Doutor Murici, S/N, Colônia Murici, São José dos Pinhais, PR, Brasil, 83000-000",,,,,"Consultar",,"Não",,"Criada em 1878, a Colônia Murici é a mais expressiva comunidade de origem polonesa no Brasil. Foi fundada em homenagem ao médico...",,"Rua Doutor Murici, S/N, Colônia Murici, São José dos Pinhais, PR, Brasil, 83000-000","Consultar",,
atrativos,"Colônia Zacarias","Atrativos Histórico-Culturais","Colônias","Caminho do Vinho","Criada em 1878, a Colônia Zacarias foi criada em homenagem a Zacarias de Góes Vasconcelos. A colonização foi liderada por poloneses silesianos e italianos. Na sua fundação, a colônia tinha uma área de 3.182.807 m², tornando-se uma das menores colônias da região. A língua polonesa era predominante, mas com a ditadura de Getúlio Vargas, seus habitantes foram proibidos de falar sua língua natal. Hoje, a Colônia Zacarias se destaca pela horticultura, produção de leite e turismo rural. A região atrai visitantes com pesque-pagues e venda de produtos artesanais como queijos, conservas e embutidos.","Rua José Francisco Negoseki, S/N, Colônia Zacarias, São José dos Pinhais, PR, Brasil, 83000-000","Consultar","Consultar","Não",,"Rua José Francisco Negoseki, S/N, Colônia Zacarias, São José dos Pinhais, PR, Brasil, 83000-000",,,,,"Consultar",,"Não",,"Criada em 1878, a Colônia Zacarias foi criada em homenagem a Zacarias de Góes Vasconcelos. A colonização foi liderada por poloneses...",,"Rua José Francisco Negoseki, S/N, Colônia Zacarias, São José dos Pinhais, PR, Brasil, 83000-000","Consultar",,
atrativos,"Outras Colonias","Atrativos Histórico-Culturais","Colônias",,"Além das maiores colônias citadas anteriormente, existem outras localidades formadas por pequenos grupos étnicos na área rural. Em geral, foram criadas de forma espontânea. São elas: Avencal, Cachoeira, Campina do Taquaral, Campo Largo da Roseira, Capão Grosso, Capivari, Córrego Fundo, Costeira, Curralinho, Gamelas, Inhaíva, Poço da Anta, Papanduva da Serra, Purgatório, Rio de Una, Rio Pequeno, Roça Velha, Roseira de Campo Largo e Saltinho da Malhada, Santos Andrade.","Área Rural, S/N, Área Rural, São José dos Pinhais, PR, Brasil, 83000-000","Consultar","Consultar","Não",,"Área Rural, S/N, Área Rural, São José dos Pinhais, PR, Brasil, 83000-000",,,,,"Consultar",,"Não",,"Além das maiores colônias citadas anteriormente, existem outras localidades formadas por pequenos grupos étnicos na área rural...",,"Área Rural, S/N, Área Rural, São José dos Pinhais, PR, Brasil, 83000-000","Consultar",,
atrativos,"Academia P. M. do Guatupê","Atrativos Histórico-Culturais","Arquitetura e Engenharia",,"A arquitetura da APMG reflete características típicas das instituições militares, focadas em funcionalidade, segurança e formação. O prédio foi criado como espaço de ensino superior em 1931 e ganhou o nome de Academia Policial Militar do Guatupê em 1971. É responsável pela formação, especialização e aperfeiçoamento de oficiais e praças da Polícia Militar. Realiza cursos de graduação, pós-graduação e extensão. Seu curso de aperfeiçoamento de oficiais é equivalente ao nível de mestrado. A APMG possui uma área de aproximadamente 102 hectares.","Rodovia BR 277 Km 72, S/N, Guatupê, São José dos Pinhais, PR, Brasil, 83075-000","Gratuita","Consultar","Não","É uma das maiores academias de Polícia Militar da América do Sul.","Rodovia BR 277 Km 72, S/N, Guatupê, São José dos Pinhais, PR, Brasil, 83075-000","4132997900",,"www.apmg.pr.gov.br","Consultar","Estacionamento","Não",,"A arquitetura da APMG reflete características típicas das instituições militares, focadas em funcionalidade, segurança e formação...",,"Rodovia BR 277 Km 72, S/N, Guatupê, São José dos Pinhais, PR, Brasil, 83075-000","Gratuita","www.apmg.pr.gov.br",
atrativos,"Casa ao lado da Adega Bortolan","Atrativos Histórico-Culturais","Arquitetura e Engenharia","Caminho do Vinho","Localizada ao lado da Adega Bortolan, essa é um dos mais antigos exemplares da arquitetura da colônia, conservando o estilo dos imigrantes italianos. A construção foi feita pela família Juliato, a qual se instalou no início da formação da colônia. Construção em alvenaria, com pintura renovada, muito bem conservada.","Rua João Berger, 802, Colônia Mergulhão, São José dos Pinhais, PR, Brasil, 83085-200","Gratuita","Pode ser vista da estrada","Não","Arquitetura","Rua João Berger, 802, Colônia Mergulhão, São José dos Pinhais, PR, Brasil, 83085-200",,,,,"Pode ser vista da estrada",,"Não",,"Localizada ao lado da Adega Bortolan, essa é um dos mais antigos exemplares da arquitetura da colônia, conservando o estilo dos imigrantes italianos...",,"Rua João Berger, 802, Colônia Mergulhão, São José dos Pinhais, PR, Brasil, 83085-200","Gratuita",,"Família Bortolan"
atrativos,"Biblioteca Pública Municipal","Atrativos Histórico-Culturais","Arquitetura e Engenharia",,"Localizada em um prédio construído com linhas clássicas em 1912 para abrigar o Grupo Escolar Silveira da Motta, já sediou o Fórum e a Câmara Municipal da cidade. Foi tombado pelo patrimônio histórico em 1980. A Biblioteca Pública foi fundada em 1940 e tem um acervo de mais de 100 mil livros. Leva o nome de um dos grandes escritores sãojoeense: Reinaldino Antônio Scharffenberg de Quadros. Para fazer empréstimos basta levar um documento de identidade e comprovante de endereço. Bonecos gigantes produzidos pelo Museu do Boneco decoram o local.","Praça Oito de Janeiro, 120, Centro, São José dos Pinhais, PR, Brasil, 83005-185","Gratuita","Seg a Sex: 9:00h às 17:00h","Não","Bonecos gigantes feitos produzidos pelo Museu do Boneco. Um deles representa o próprio Sharffenbert de Quadros.","Praça Oito de Janeiro, 120, Centro, São José dos Pinhais, PR, Brasil, 83005-185","4133815845",,"https://www.sjp.pr.gov.br","Seg a Sex: 9:00h às 17:00h","Acessibilidade","Não",,"Localizada em um prédio construído com linhas clássicas em 1912 para abrigar o Grupo Escolar Silveira da Motta, já sediou o Fórum...",,"Praça Oito de Janeiro, 120, Centro, São José dos Pinhais, PR, Brasil, 83005-185","Gratuita","https://www.sjp.pr.gov.br","Prédio Público"
atrativos,"Caixa d'água do Calçadão","Atrativos Histórico-Culturais","Arquitetura e Engenharia",,"Reservatório elevado construído pela Sanepar e projetado pelo engenheiro-arquiteto Léo Limzme. Possui capacidade de 100 metros cúbicos. Tornou um marco na paisagem vertical e é a primeira obra de arquitetura moderna a ser tombada pelo município. Sua projeção é triangular com apoio central. Foi a primeira obra no Brasil a ser construída em concreto protendido - técnica que combina aço e concreto para maximizar a resistência estrutural. Possui parte do piso em Petit Pavê da década de 1980 e o entorno é uma área de passagem e convivência.","Rua Quinze de Novembro, 1155, Centro, São José dos Pinhais, PR, Brasil, 83005-000","Gratuita","Consultar","Não","Sua construção ocorreu em um momento de grandes discussões sobre o saneamento no Brasil.","Rua Quinze de Novembro, 1155, Centro, São José dos Pinhais, PR, Brasil, 83005-000",,,"www.youtube.com/watch?v=L-87rn11Vds;","Consultar","Acessibilidade","Não",,"Reservatório elevado construído pela Sanepar e projetado pelo engenheiro-arquiteto Léo Limzme. Possui capacidade de 100 metros cúbicos...",,"Rua Quinze de Novembro, 1155, Centro, São José dos Pinhais, PR, Brasil, 83005-000","Gratuita","www.youtube.com/watch?v=L-87rn11Vds;","Patrimônio Público"
atrativos,"Câmara Municipal","Atrativos Histórico-Culturais","Arquitetura e Engenharia",,"Construção de arquitetura moderna em vidro e concreto. Inaugurada em 2003, possui gabinetes dos vereadores, jardins internos, plenário com platéia. No interior do plenário encontra-se um painel que representa os vereadores feito pelo artista plástico Roney W. Erthal em homenagem aos 150 anos do Poder Legislativo. É necessário identificação para entrar no prédio e visitar o painel.","Rua Veríssimo Marques, 699, Centro, São José dos Pinhais, PR, Brasil, 83005-410","Gratuita","Consultar","Não","Painel do artista plástico Roney W. Erthal","Rua Veríssimo Marques, 699, Centro, São José dos Pinhais, PR, Brasil, 83005-410","4132996500",,"https://cmsjp.pr.gov.br","Consultar","Estacionamento, Acessibilidade","Não",,"Construção de arquitetura moderna em vidro e concreto. Inaugurada em 2003, possui gabinetes dos vereadores, jardins internos...",,"Rua Veríssimo Marques, 699, Centro, São José dos Pinhais, PR, Brasil, 83005-410","Gratuita","https://cmsjp.pr.gov.br","Patrimônio Público"
atrativos,"Casa Bortolan","Atrativos Histórico-Culturais","Arquitetura e Engenharia","Caminho do Vinho","A Casa Bortolan é um conjunto de casas centenárias construídas por dois imigrantes italianos: João Bortolon e Ernesto Juliatto, sendo uma delas residencial e a outra um armazém de secos e molhados. Ambas refletem a tradição arquitetônica e cultural trazida pelos colonos, sendo um exemplo típico da arquitetura rural italiana. É considerada patrimônio histórico e cultural. Uma das casas é utilizada comercialmente pela Petiscaria Cantinho Mineiro.","Rua João Bortolan, 222, Colônia Mergulhão, São José dos Pinhais, PR, Brasil, 83000-000","Consultar","Consultar","Não","Arquitetura, História","Rua João Bortolan, 222, Colônia Mergulhão, São José dos Pinhais, PR, Brasil, 83000-000",,,,,"Consultar","Estacionamento","Não",,"A Casa Bortolan é um conjunto de casas centenárias construídas por dois imigrantes italianos: João Bortolon e Ernesto Juliatto...",,"Rua João Bortolan, 222, Colônia Mergulhão, São José dos Pinhais, PR, Brasil, 83000-000","Consultar",,
atrativos,"Casa Braz Luiz Pereira Filho","Atrativos Histórico-Culturais","Arquitetura e Engenharia",,"Construída no ano de 1897 em alvenaria, com assoalho interno de tábuas largas e divisórias em mata-juntas, um elemento construtivo inovador para a época que dava durabilidade e conforto à construção. A construção inicialmente foi usada como residência. Abrigou uma escola pública e, posteriormente, voltou a ser usada como residência. Possui duas construções anexas que funcionaram como paiol e armazém. As divisórias mata-juntas tinham como função absorver os movimentos estruturais naturais da construção.","Rua Bembenutto Moletta, 2029, Contenda, São José dos Pinhais, PR, Brasil, 83000-000","Consultar","Consultar","Não","Possui divisória de mata-junta: inovação para as casas da época que funciona como barreira acústica e proteção contra infiltração.","Rua Bembenutto Moletta, 2029, Contenda, São José dos Pinhais, PR, Brasil, 83000-000",,,,,"Consultar","Estacionamento","Não",,"Construída no ano de 1897 em alvenaria, com assoalho interno de tábuas largas e divisórias em mata-juntas, um elemento construtivo inovador...",,"Rua Bembenutto Moletta, 2029, Contenda, São José dos Pinhais, PR, Brasil, 83000-000","Consultar",,
atrativos,"Casa Groschoki - Kawarnia","Atrativos Histórico-Culturais","Arquitetura e Engenharia","Rota das Colônias","A casa foi construída por Francisco Sravitch e posteriormente passou a pertencer à família Groschoki. Construção típica polonesa utilizando a técnica de troncos encaixados e suspensa a 20 cm do solo, sendo apoiada por toras nas quatro extremidades. Encontra-se junto ao Café colonial Kawiarnia. Possui um acréscimo lateral em alvenaria. Dentro da casa os visitantes podem encontrar um pequeno museu feito com objetos típicos usados no trabalho dos colonos.","Rua Domingos Perbiche, 1446, Colônia Murici, São José dos Pinhais, PR, Brasil, 83085-230","Gratuita","Sáb: 12h-19h | Dom: 11:30h-19h","Não","Dentro da casa os visitantes podem encontrar um pequeno museu feito com objetos típicos usados no trabalho das coloniais...","Rua Domingos Perbiche, 1446, Colônia Murici, São José dos Pinhais, PR, Brasil, 83085-230",,"@kawiarniacafecolonial",,"Sáb: 12h-19h | Dom: 11:30h-19h","Estacionamento","Não",,"A casa foi construída por Francisco Sravitch e posteriormente passou a pertencer à família Groschoki. Construção típica polonesa...",,"Rua Domingos Perbiche, 1446, Colônia Murici, São José dos Pinhais, PR, Brasil, 83085-230","Gratuita",,"Família Grochoski."
atrativos,"Casa Hallunch","Atrativos Histórico-Culturais","Arquitetura e Engenharia","Rota das Colônias","Casa de aproximadamente 100 anos da família Halluch, construída em tabuado de madeira com mata-junta, um elemento inovador para a época que conferia durabilidade e conforto à construção. Possui também os tradicionais lambrequins. A família Halluch está presente na colônia desde a sua fundação. Chegou ao Brasil em 1878 e desenvolveu empreendimentos no comércio e na indústria. A mata-junta funcionava como barreira acústica e proteção contra infiltração.","Rua Doutor Murici, 802, Colônia Marcelino, São José dos Pinhais, PR, Brasil, 83000-000","Consultar","Pode ser vista da estrada","Não","A mata-junta era uma inovação para as casas da época. Funcionavam também como barreiras acústicas e proteção contra infiltração.","Rua Doutor Murici, 802, Colônia Marcelino, São José dos Pinhais, PR, Brasil, 83000-000",,,,,"Pode ser vista da estrada","Estacionamento","Não",,"Casa de aproximadamente 100 anos da família Halluch, construída em tabuado de madeira com mata-junta, um elemento inovador para a época...",,"Rua Doutor Murici, 802, Colônia Marcelino, São José dos Pinhais, PR, Brasil, 83000-000","Consultar",,"Familia Halluch"
atrativos,"Casa Ienkot (Iewnkot)","Atrativos Histórico-Culturais","Arquitetura e Engenharia","Rota das Colônias","Casa construída por Pedro Inkot em alvenaria em 1931 e inicialmente adornada com pinturas parietais de paisagens de sua autoria. Tais pinturas foram posteriormente escondidas por camadas de tintas. Essa casa era vizinha de um antigo conjunto agroindustrial da família Inkot, composto por mais duas casas e um moinho de trigo. A casa Ienkot encontra-se próximo dos campos de camomila e piquenique e da Chácara de eventos Ienkot. É uma região bucólica onde se pode apreciar o paisagismo e a arquitetura.","Rua Antônio Claudino Sobrinho, 15785, Colônia Marcelino, São José dos Pinhais, PR, Brasil, 83000-000","Consultar","Consultar","Não","A casa Ienkot encontra-se próximo dos campos de camomila e piquenique e da Chácara de eventos Ienkot...","Rua Antônio Claudino Sobrinho, 15785, Colônia Marcelino, São José dos Pinhais, PR, Brasil, 83000-000",,,,,"Consultar","Estacionamento","Não",,"Casa construída por Pedro Inkot em alvenaria em 1931 e inicialmente adornada com pinturas parietais de paisagens de sua autoria...",,"Rua Antônio Claudino Sobrinho, 15785, Colônia Marcelino, São José dos Pinhais, PR, Brasil, 83000-000","Consultar",,"Família Ienkot"